path	bytes_original	sha256_original	sha256_here	change
DBS4038_session1.mat	31314145	2aa88ad34b120df21eceb6154618cb7eaa7ae09505b0ebfe76445d58655c7d58	10968e1ca57b71d3b1e1c5de510f5d3aee5943ebb83b00d2987a6aabfd46d0ed	MAT text header date -> Mmm 01 yyyy
DBS4038_session2.mat	30270928	0d2c3629c1bffb83332b74b9393d0c2ce740ddcd6627437900a935a7e61613b4	b0c0b115fe875cd7f208d4baf49031b3df4b4a77d815244923f7d4c7129183b2	MAT text header date -> Mmm 01 yyyy
DBS4038_session3.mat	30780811	b1113116689a43701bb28d602ad82b880fe9d0b600d87ee044d6a3734c0d0b40	bfef3f6201797af12f60bef1316614cb998a923cd4d7f40a1c1138e67fe283ef	MAT text header date -> Mmm 01 yyyy
DBS4038_session4.mat	30739333	503cd3072d9d6a0d0e7331bd780d5170123ea2237121f64cbf2e8b37ab9c8be1	fdfed7714688c5d3c5e6e204cf6bab6fbe2da4492860a434d814fe95183cec15	MAT text header date -> Mmm 01 yyyy
DBS4040_session1.mat	33631057	f2fd81662761a94a18f10535ea55974384e1f1c3536973761337509814bd14e3	484d74454a119fe5c6fbe611cf9a649ee4a6d8d331f361a1ad65b040a4743e9e	MAT text header date -> Mmm 01 yyyy
DBS4040_session2.mat	36667299	d0e0052830fbfe42426202657d05b8a4fa56e2e20a022fe3eee99a4e18ab06ce	e269f32a67a47675a0517a649f6f5729b54f31239dc9394ba0d780e5a9e65dba	MAT text header date -> Mmm 01 yyyy
DBS4046_session1.mat	20399933	4e218ae9ec86cd69ef20d058cde4edb8b66aa9bb7ece5b7ae1ebef94ecee4b3d	13d3baff500555610a8e41e889ffd821aa3bde2b468e17f0ab977ba7b194c9fc	MAT text header date -> Mmm 01 yyyy
DBS4046_session2.mat	20088569	482422dfa5ee9971bfb0741041094043b1ee5e4a03ed05a33652c3c68060cdc9	32a3bc50e897cc49a9f012f939ed53fde0b4771dd8187df5a2c556425bda3b8f	MAT text header date -> Mmm 01 yyyy
DBS4046_session3.mat	19674895	8c47f0fa8ba95239f0f72d5b1163eda1c557550676bcdb1c7d7e1a7d225126d6	50f2a92d8643e48aea783c4cc7f6caaa52c81a692b193c0aae71d2fa71bf64b4	MAT text header date -> Mmm 01 yyyy
DBS4047_session1.mat	34791525	e04e47d411aac8cd9a76dd88f13e2ee4e61b928010735395a0d00c54e9c57b15	8b4091db334db44981a06ea4c8eb3de07c9f81c965d0b6523cc147553de4dce0	MAT text header date -> Mmm 01 yyyy
DBS4047_session2.mat	33008020	e2c97cc99f60797024bc82abdf8b0e2fbf22bf54d96c3dcac3969097f788d2b0	01c05debdb75dda5a12dc67d432cd2aebc99afe655f25d43e11e7526105a192a	MAT text header date -> Mmm 01 yyyy
DBS4047_session3.mat	31819764	978dfa6930ff173a197b8d8141fb39a05139222fdd53594d8d8f241b607d9a26	f2bc999434fcc01bc6b33dd1a660a4baa5375a52d76360dcb8404340a89a3678	MAT text header date -> Mmm 01 yyyy
DBS4049_session1.mat	44495211	28400b61ac654bb2238e2afac5ed1228d165792b26b0b162a817bced7d530e07	ea342f48d02d30ad44c71b35268cb48e0e68fb6e81d86b44538c6993bc8ef18a	MAT text header date -> Mmm 01 yyyy
DBS4049_session2.mat	90060956	b72ffee83bd8904f66f63c1588e026f4c9ce02299fb694806f73b592804ceed5	0739445da8d25f3f77731fb28a0f9e74737d7654d9ca70df91ee40b583f97b1b	MAT text header date -> Mmm 01 yyyy
DBS4051_session1.mat	46053064	426b7a006bbd79f7d7383b8c54b3d210f74863f95493a904b0ddfd3924e053be	effcbf9046a79b0952f2c5fa89a91147df88acf4c0622cba9cde783222dfee42	MAT text header date -> Mmm 01 yyyy
DBS4051_session2.mat	84571722	a90bce718f4aaef6eadba1cab4d2aba9c030ba1d43c6457a00e1668cdf5eddd2	237bbbfc3b95d30796024b900e1b83968c7328598f496ca419b92269a7ecf100	MAT text header date -> Mmm 01 yyyy
DBS4052_session1.mat	47918966	e1c02dfd09f0a8b16151d49eb84a89de20df684de7d1f561749dea4fe1053196	f57a8ba2ac55c0d94fdb07ee4b004c73b11a065c7cc4b94f35ea38d8cb01abec	MAT text header date -> Mmm 01 yyyy
DBS4052_session2.mat	84983566	e415eab1d35752f9787a61c6d21c5939cd96867f384cbbeec5b57beb73013435	a4ad497bfeb02189bcd4644d86f58d96be6e6630a0a4d26d793230fdba0419e8	MAT text header date -> Mmm 01 yyyy
DBS4053_session1.mat	43273614	66de2f743f00be62a3c2f3dec30e8a31d1e3fe6a6f61f794649c868d67e5e32b	ad28a35d4000fdab2d3ceb17bccdf1135cadf115b26e3f0a90abaf78ee088c54	MAT text header date -> Mmm 01 yyyy
DBS4053_session2.mat	73750903	6f20bad8ce8950dd6bf9494df694022408828d4ff9a3a0cbd228f57b3cc2da3d	42cc1fb89c8b1c3138410fece6b3f5dad6c7aa7b9d5e838dafc2d9eb6d38b3b1	MAT text header date -> Mmm 01 yyyy
DBS4054_session1.mat	46543863	ef44fe854022c02f1845ecfc244e1c81e50d798b87b77e7f0937fdf9227e9216	b467ac470275ebf230e564877133940236aecf92fa10a3f15af4e18f85f66d8e	MAT text header date -> Mmm 01 yyyy
DBS4054_session2.mat	87410887	a54fcd81ffad306e3e531b37402f118951f72dee47062f8da3894e0809bf8970	70342cf99dbf64e39e530a9c2422e1bdaecddb4e174e8dc727c6cf0803ed6395	MAT text header date -> Mmm 01 yyyy
DBS4055_session1.mat	49873233	69dbb0fd5fab0b98c63254e8bce0dc8ada37c6595beaf60c26bd13a772fe0760	45e6199ffaea86d853725a0a654b31a5300a5cd14754e1c3fb255b186e2a539f	MAT text header date -> Mmm 01 yyyy
DBS4055_session2.mat	94571369	7b97993d23db9051e9e957f987fd7a903b6a401e18bb7b894931ec80970341ae	522cc4e2e61125694cbefbe6d42e724f08933ab891d5620afb42555a59df5a63	MAT text header date -> Mmm 01 yyyy
DBS4056_session1.mat	44944209	db6607cc161e6c128006916e7574394df58164a31d1e1fc35a1f964c144c8514	e8f4102bfc111acdf4312d9b60b1f76e84c62ab54f53cf5ae84cd214d31eb5d2	MAT text header date -> Mmm 01 yyyy
DBS4056_session2.mat	85569032	729586fa8b7312f0d8fa7e0a40c52e1a38e82e8b1d49ece06de8a8b3f8f9470b	5716f5da7373e55a31f0d5d4e7f2dbf41c3c0f883c91bc3be324baa6993148af	MAT text header date -> Mmm 01 yyyy
contact_info.mat	4043	c1e13525d62139bf4172484c6e82399634a296d46825fa1aa1d9df4be261c6ed	2d6b7057b4efcd3bf4f49ec73da9596a381e18d58ddae3814ad1798fb97f1cbc	MAT text header date -> Mmm 01 yyyy
