onset	duration	trial_type	trial_index	sample	source_time_start	source_time_end	badtrial_final	codingbad	quanbad	visobad	partialtrial
0.0	5.232	trial	1	0	43272.256306	43277.487306	0	0	0	0	0
5.232	5.349	trial	2	5232	43275.173306	43280.521306	0	0	0	0	0
10.581	5.154	trial	3	10581	43278.190306	43283.343306	0	0	0	0	0
15.735	5.04	trial	4	15735	43281.240306	43286.279306	0	0	0	0	0
20.775	5.153	trial	5	20775	43284.207306	43289.359306	0	0	0	0	0
25.928	5.179	trial	6	25928	43286.939306	43292.117306	0	0	0	0	0
31.107	5.375	trial	7	31107	43289.856306	43295.230306	0	0	0	0	0
36.482	5.157	trial	8	36482	43292.473306	43297.629306	0	0	0	0	0
41.639	5.19	trial	9	41639	43295.589306	43300.778306	0	0	0	0	0
46.829	5.026	trial	10	46829	43298.422306	43303.447306	0	0	0	0	0
51.855	5.136	trial	11	51855	43301.122306	43306.257306	0	0	0	0	0
56.991	5.055	trial	12	56991	43303.989306	43309.043306	0	0	0	0	0
62.046	5.16	trial	13	62046	43306.639306	43311.798306	0	0	0	0	0
67.206	5.196	trial	14	67206	43309.639306	43314.834306	0	0	0	0	0
72.402	4.999	trial	15	72402	43312.788306	43317.786306	0	0	0	0	0
77.401	5.028	trial	16	77401	43315.822306	43320.849306	0	0	0	0	0
82.429	5.182	trial	17	82429	43318.872306	43324.053306	0	0	0	0	0
87.611	5.138	trial	18	87611	43321.522306	43326.659306	0	0	0	0	0
92.749	5.141	trial	19	92749	43324.522306	43329.662306	0	0	0	0	0
97.89	5.065	trial	20	97890	43327.338306	43332.402306	0	0	0	0	0
102.955	5.136	trial	21	102955	43330.288306	43335.423306	0	0	0	0	0
108.091	5.066	trial	22	108091	43333.305306	43338.370306	0	0	0	0	0
113.157	5.097	trial	23	113157	43336.422306	43341.518306	1	1	0	0	0
118.254	5.094	trial	24	118254	43339.221306	43344.314306	0	0	0	0	0
123.348	5.035	trial	25	123348	43342.221306	43347.255306	0	0	0	0	0
128.383	5.194	trial	26	128383	43344.871306	43350.064306	0	0	0	0	0
133.577	5.139	trial	27	133577	43347.938306	43353.076306	0	0	0	0	0
138.716	5.129	trial	28	138716	43350.971306	43356.099306	0	0	0	0	0
143.845	5.181	trial	29	143845	43353.821306	43359.001306	0	0	0	0	0
149.026	5.105	trial	30	149026	43356.821306	43361.925306	1	1	0	0	0
154.131	5.136	trial	31	154131	43359.705306	43364.840306	0	0	0	0	0
159.267	5.131	trial	32	159267	43362.587306	43367.717306	0	0	0	0	0
164.398	4.983	trial	33	164398	43365.137306	43370.119306	0	0	0	0	0
169.381	5.143	trial	34	169381	43368.437306	43373.579306	0	0	0	0	0
174.524	5.377	trial	35	174524	43371.203306	43376.579306	0	0	0	0	0
179.901	5.16	trial	36	179901	43373.920306	43379.079306	0	0	0	0	0
185.061	5.114	trial	37	185061	43376.853306	43381.966306	0	0	0	0	0
190.175	5.204	trial	38	190175	43379.953306	43385.156306	0	0	0	0	0
195.379	5.39	trial	39	195379	43383.037306	43388.426306	0	0	0	0	0
200.769	5.295	trial	40	200769	43386.037306	43391.331306	0	0	0	0	0
206.064	5.281	trial	41	206064	43388.853306	43394.133306	0	0	0	0	0
211.345	5.019	trial	42	211345	43391.853306	43396.871306	0	0	0	0	0
216.364	5.34	trial	43	216364	43394.986306	43400.325306	0	0	0	0	0
221.704	5.103	trial	44	221704	43397.936306	43403.038306	0	0	0	0	0
226.807	5.347	trial	45	226807	43400.919306	43406.265306	0	0	0	0	0
232.154	5.09	trial	46	232154	43403.886306	43408.975306	0	0	0	0	0
237.244	5.229	trial	47	237244	43406.586306	43411.814306	0	0	0	0	0
242.473	5.187	trial	48	242473	43409.369306	43414.555306	0	0	0	0	0
247.66	5.291	trial	49	247660	43412.219306	43417.509306	0	0	0	0	0
252.951	5.185	trial	50	252951	43415.036306	43420.220306	0	0	0	0	0
258.136	5.255	trial	51	258136	43417.636306	43422.890306	0	0	0	0	0
263.391	5.181	trial	52	263391	43420.569306	43425.749306	0	0	0	0	0
268.572	5.232	trial	53	268572	43423.219306	43428.450306	0	0	0	0	0
273.804	5.348	trial	54	273804	43426.102306	43431.449306	0	0	0	0	0
279.152	5.211	trial	55	279152	43428.868306	43434.078306	0	0	0	0	0
284.363	5.225	trial	56	284363	43431.619306	43436.843306	0	0	0	0	0
289.588	5.29	trial	57	289588	43434.585306	43439.874306	0	0	0	0	0
294.878	5.534	trial	58	294878	43437.652306	43443.185306	0	0	0	0	0
300.412	5.254	trial	59	300412	43440.635306	43445.888306	0	0	0	0	0
305.666	5.138	trial	60	305666	43447.051306	43452.188306	0	0	0	0	0
310.804	5.296	trial	61	310804	43450.285306	43455.580306	0	0	0	0	0
316.1	5.307	trial	62	316100	43453.085306	43458.391306	0	0	0	0	0
321.407	5.262	trial	63	321407	43456.168306	43461.429306	0	0	0	0	0
326.669	5.291	trial	64	326669	43458.918306	43464.208306	0	0	0	0	0
331.96	5.038	trial	65	331960	43461.968306	43467.005306	0	0	0	0	0
336.998	5.119	trial	66	336998	43465.134306	43470.252306	0	0	0	0	0
342.117	4.986	trial	67	342117	43468.151306	43473.136306	0	0	0	0	0
347.103	5.06	trial	68	347103	43471.051306	43476.110306	0	0	0	0	0
352.163	5.164	trial	69	352163	43473.951306	43479.114306	0	0	0	0	0
357.327	5.341	trial	70	357327	43476.584306	43481.924306	0	0	0	0	0
362.668	5.003	trial	71	362668	43479.617306	43484.619306	0	0	0	0	0
367.671	5.073	trial	72	367671	43482.501306	43487.573306	0	0	0	0	0
372.744	5.046	trial	73	372744	43485.250306	43490.295306	0	0	0	0	0
377.79	5.237	trial	74	377790	43487.983306	43493.219306	0	0	0	0	0
383.027	5.044	trial	75	383027	43490.934306	43495.977306	0	0	0	0	0
388.071	5.062	trial	76	388071	43493.633306	43498.694306	0	0	0	0	0
393.133	5.257	trial	77	393133	43496.634306	43501.890306	0	0	0	0	0
398.39	5.075	trial	78	398390	43499.483306	43504.557306	0	0	0	0	0
403.465	5.424	trial	79	403465	43502.650306	43508.073306	0	0	0	0	0
408.889	5.357	trial	80	408889	43505.701306	43511.057306	0	0	0	0	0
414.246	5.213	trial	81	414246	43509.033306	43514.245306	0	0	0	0	0
419.459	5.444	trial	82	419459	43511.666306	43517.109306	0	0	0	0	0
424.903	5.158	trial	83	424903	43514.483306	43519.640306	0	0	0	0	0
430.061	5.141	trial	84	430061	43517.382306	43522.522306	0	0	0	0	0
435.202	5.2	trial	85	435202	43520.433306	43525.632306	0	0	0	0	0
440.402	5.243	trial	86	440402	43523.416306	43528.658306	0	0	0	0	0
445.645	5.26	trial	87	445645	43526.283306	43531.542306	0	0	0	0	0
450.905	5.43	trial	88	450905	43529.500306	43534.929306	0	0	0	0	0
456.335	5.287	trial	89	456335	43532.816306	43538.102306	0	0	0	0	0
461.622	5.22	trial	90	461622	43536.082306	43541.301306	0	0	0	0	0
466.842	5.294	trial	91	466842	43539.049306	43544.342306	0	0	0	0	0
472.136	5.241	trial	92	472136	43541.816306	43547.056306	0	0	0	0	0
477.377	5.16	trial	93	477377	43544.515306	43549.674306	0	0	0	0	0
482.537	5.249	trial	94	482537	43547.432306	43552.680306	0	0	0	0	0
487.786	5.225	trial	95	487786	43550.315306	43555.539306	0	0	0	0	0
493.011	5.092	trial	96	493011	43552.915306	43558.006306	0	0	0	0	0
498.103	5.064	trial	97	498103	43555.499306	43560.562306	0	0	0	0	0
503.167	5.247	trial	98	503167	43558.298306	43563.544306	0	0	0	0	0
508.414	5.292	trial	99	508414	43560.999306	43566.290306	0	0	0	0	0
513.706	5.1	trial	100	513706	43563.799306	43568.898306	0	0	0	0	0
518.806	5.131	trial	101	518806	43566.715306	43571.845306	0	0	0	0	0
523.937	5.034	trial	102	523937	43569.648306	43574.681306	0	0	0	0	0
528.971	5.027	trial	103	528971	43572.381306	43577.407306	0	0	0	0	0
533.998	5.094	trial	104	533998	43575.548306	43580.641306	0	0	0	0	0
539.092	5.084	trial	105	539092	43578.514306	43583.597306	0	0	0	0	0
544.176	5.076	trial	106	544176	43581.664306	43586.739306	0	0	0	0	0
549.252	5.215	trial	107	549252	43584.731306	43589.945306	0	0	0	0	0
554.467	5.161	trial	108	554467	43587.864306	43593.024306	0	0	0	0	0
559.628	5.291	trial	109	559628	43590.647306	43595.937306	0	0	0	0	0
564.919	5.063	trial	110	564919	43593.731306	43598.793306	0	0	0	0	0
569.982	5.365	trial	111	569982	43596.747306	43602.111306	0	0	0	0	0
575.347	5.376	trial	112	575347	43600.147306	43605.522306	0	0	0	0	0
580.723	5.2	trial	113	580723	43603.180306	43608.379306	0	0	0	0	0
585.923	5.15	trial	114	585923	43606.030306	43611.179306	0	0	0	0	0
591.073	5.136	trial	115	591073	43609.047306	43614.182306	0	0	0	0	0
596.209	5.197	trial	116	596209	43611.897306	43617.093306	0	0	0	0	0
601.406	5.107	trial	117	601406	43614.813306	43619.919306	0	0	0	0	0
606.513	5.264	trial	118	606513	43620.713306	43625.976306	0	0	0	0	0
